<?xml version="1.0" encoding="utf-8" ?>
<dwsync>
<file name="db.php" server="www.dancewearrialto.com/dancewearrialto.com/html/" local="128426976480000000" remote="129165794070000000" />
<file name="dbx.php" server="www.dancewearrialto.com/dancewearrialto.com/html/" local="128426976480000000" remote="129165794090000000" />
<file name="file.php" server="www.dancewearrialto.com/dancewearrialto.com/html/" local="128426976480000000" remote="129165794110000000" />
<file name="mdb.php" server="www.dancewearrialto.com/dancewearrialto.com/html/" local="128426976480000000" remote="129165794130000000" />
<file name="msession.php" server="www.dancewearrialto.com/dancewearrialto.com/html/" local="128426976480000000" remote="129165794150000000" />
<file name="phplib.php" server="www.dancewearrialto.com/dancewearrialto.com/html/" local="128426976480000000" remote="129165794170000000" />
<file name="shm.php" server="www.dancewearrialto.com/dancewearrialto.com/html/" local="128426976480000000" remote="129165794190000000" />
<file name="trifile.php" server="www.dancewearrialto.com/dancewearrialto.com/html/" local="128426976480000000" remote="129165794210000000" />
</dwsync>