<?xml version="1.0" encoding="utf-8" ?>
<dwsync>
<file name="Array.php" server="www.dancewearrialto.com/dancewearrialto.com/html/" local="128426976480000000" remote="129165794720000000" />
<file name="DB.php" server="www.dancewearrialto.com/dancewearrialto.com/html/" local="128426976480000000" remote="129165794740000000" />
<file name="DBLite.php" server="www.dancewearrialto.com/dancewearrialto.com/html/" local="128426976480000000" remote="129165794770000000" />
<file name="File.php" server="www.dancewearrialto.com/dancewearrialto.com/html/" local="128426976480000000" remote="129165794780000000" />
<file name="IMAP.php" server="www.dancewearrialto.com/dancewearrialto.com/html/" local="128426976480000000" remote="129165794800000000" />
<file name="KADM5.php" server="www.dancewearrialto.com/dancewearrialto.com/html/" local="128426976480000000" remote="129165794820000000" />
<file name="LDAP.php" server="www.dancewearrialto.com/dancewearrialto.com/html/" local="128426976480000000" remote="129165794840000000" />
<file name="MDB.php" server="www.dancewearrialto.com/dancewearrialto.com/html/" local="128426976480000000" remote="129165794870000000" />
<file name="MDB2.php" server="www.dancewearrialto.com/dancewearrialto.com/html/" local="128426976480000000" remote="129165794890000000" />
<file name="Multiple.php" server="www.dancewearrialto.com/dancewearrialto.com/html/" local="128426976480000000" remote="129165794940000000" />
<file name="PEAR.php" server="www.dancewearrialto.com/dancewearrialto.com/html/" local="128426976480000000" remote="129165794950000000" />
<file name="POP3.php" server="www.dancewearrialto.com/dancewearrialto.com/html/" local="128426976480000000" remote="129165794970000000" />
<file name="RADIUS.php" server="www.dancewearrialto.com/dancewearrialto.com/html/" local="128426976480000000" remote="129165794990000000" />
<file name="SAP.php" server="www.dancewearrialto.com/dancewearrialto.com/html/" local="128426976480000000" remote="129165795010000000" />
<file name="SMBPasswd.php" server="www.dancewearrialto.com/dancewearrialto.com/html/" local="128426976480000000" remote="129165795030000000" />
<file name="SOAP.php" server="www.dancewearrialto.com/dancewearrialto.com/html/" local="128426976480000000" remote="129165795050000000" />
<file name="SOAP5.php" server="www.dancewearrialto.com/dancewearrialto.com/html/" local="128426976480000000" remote="129165795070000000" />
<file name="vpopmail.php" server="www.dancewearrialto.com/dancewearrialto.com/html/" local="128426976480000000" remote="129165795090000000" />
</dwsync>