<?xml version="1.0" encoding="utf-8" ?>
<dwsync>
<file name="Command.php" server="www.dancewearrialto.com/dancewearrialto.com/html/" local="128426976480000000" remote="129165792600000000" />
<file name="Element.php" server="www.dancewearrialto.com/dancewearrialto.com/html/" local="128426976480000000" remote="129165792620000000" />
<file name="Extension.php" server="www.dancewearrialto.com/dancewearrialto.com/html/" local="128426976480000000" remote="129165792640000000" />
<file name="ExtensionParser.php" server="www.dancewearrialto.com/dancewearrialto.com/html/" local="128426976480000000" remote="129165792650000000" />
<file name="License.php" server="www.dancewearrialto.com/dancewearrialto.com/html/" local="128426976480000000" remote="129165792670000000" />
<file name="Maintainer.php" server="www.dancewearrialto.com/dancewearrialto.com/html/" local="128426976480000000" remote="129165792690000000" />
<file name="Release.php" server="www.dancewearrialto.com/dancewearrialto.com/html/" local="128426976480000000" remote="129165792700000000" />
<file name="XmlParser.php" server="www.dancewearrialto.com/dancewearrialto.com/html/" local="128426976480000000" remote="129165792720000000" />
</dwsync>