<?xml version="1.0" encoding="utf-8" ?>
<dwsync>
<file name="docs-active-record.htm" server="www.dancewearrialto.com/dancewearrialto.com/html/" local="128426976480000000" remote="129165798840000000" />
<file name="docs-adodb.htm" server="www.dancewearrialto.com/dancewearrialto.com/html/" local="128426976480000000" remote="129165798880000000" />
<file name="docs-datadict.htm" server="www.dancewearrialto.com/dancewearrialto.com/html/" local="128426976480000000" remote="129165798900000000" />
<file name="docs-oracle.htm" server="www.dancewearrialto.com/dancewearrialto.com/html/" local="128426976480000000" remote="129165798930000000" />
<file name="docs-perf.htm" server="www.dancewearrialto.com/dancewearrialto.com/html/" local="128426976480000000" remote="129165798950000000" />
<file name="docs-session.htm" server="www.dancewearrialto.com/dancewearrialto.com/html/" local="128426976480000000" remote="129165798970000000" />
<file name="docs-session.old.htm" server="www.dancewearrialto.com/dancewearrialto.com/html/" local="128426976480000000" remote="129165798990000000" />
<file name="old-changelog.htm" server="www.dancewearrialto.com/dancewearrialto.com/html/" local="128426976480000000" remote="129165799010000000" />
<file name="readme.htm" server="www.dancewearrialto.com/dancewearrialto.com/html/" local="128426976480000000" remote="129165799030000000" />
<file name="tips_portable_sql.htm" server="www.dancewearrialto.com/dancewearrialto.com/html/" local="128426976480000000" remote="129165799050000000" />
<file name="tute.htm" server="www.dancewearrialto.com/dancewearrialto.com/html/" local="128426976480000000" remote="129165799070000000" />
</dwsync>