<?xml version="1.0" encoding="utf-8" ?>
<dwsync>
<file name="adodb-access.inc.php" server="www.dancewearrialto.com/dancewearrialto.com/html/" local="128426976480000000" remote="129165797810000000" />
<file name="adodb-ado.inc.php" server="www.dancewearrialto.com/dancewearrialto.com/html/" local="128426976480000000" remote="129165797830000000" />
<file name="adodb-ado5.inc.php" server="www.dancewearrialto.com/dancewearrialto.com/html/" local="128426976480000000" remote="129165797850000000" />
<file name="adodb-ado_access.inc.php" server="www.dancewearrialto.com/dancewearrialto.com/html/" local="128426976480000000" remote="129165797870000000" />
<file name="adodb-ado_mssql.inc.php" server="www.dancewearrialto.com/dancewearrialto.com/html/" local="128426976480000000" remote="129165797890000000" />
<file name="adodb-borland_ibase.inc.php" server="www.dancewearrialto.com/dancewearrialto.com/html/" local="128426976480000000" remote="129165797940000000" />
<file name="adodb-csv.inc.php" server="www.dancewearrialto.com/dancewearrialto.com/html/" local="128426976480000000" remote="129165797960000000" />
<file name="adodb-db2.inc.php" server="www.dancewearrialto.com/dancewearrialto.com/html/" local="128426976480000000" remote="129165797980000000" />
<file name="adodb-fbsql.inc.php" server="www.dancewearrialto.com/dancewearrialto.com/html/" local="128426976480000000" remote="129165798000000000" />
<file name="adodb-firebird.inc.php" server="www.dancewearrialto.com/dancewearrialto.com/html/" local="128426976480000000" remote="129165798020000000" />
<file name="adodb-ibase.inc.php" server="www.dancewearrialto.com/dancewearrialto.com/html/" local="128426976480000000" remote="129165798040000000" />
<file name="adodb-informix.inc.php" server="www.dancewearrialto.com/dancewearrialto.com/html/" local="128426976480000000" remote="129165798060000000" />
<file name="adodb-informix72.inc.php" server="www.dancewearrialto.com/dancewearrialto.com/html/" local="128426976480000000" remote="129165798070000000" />
<file name="adodb-ldap.inc.php" server="www.dancewearrialto.com/dancewearrialto.com/html/" local="128426976480000000" remote="129165798100000000" />
<file name="adodb-mssql.inc.php" server="www.dancewearrialto.com/dancewearrialto.com/html/" local="128426976480000000" remote="129165798120000000" />
<file name="adodb-mssqlpo.inc.php" server="www.dancewearrialto.com/dancewearrialto.com/html/" local="128426976480000000" remote="129165798140000000" />
<file name="adodb-mssql_n.inc.php" server="www.dancewearrialto.com/dancewearrialto.com/html/" local="128426976480000000" remote="129165798160000000" />
<file name="adodb-mysql.inc.php" server="www.dancewearrialto.com/dancewearrialto.com/html/" local="128426976480000000" remote="129165798180000000" />
<file name="adodb-mysqli.inc.php" server="www.dancewearrialto.com/dancewearrialto.com/html/" local="128426976480000000" remote="129165798200000000" />
<file name="adodb-mysqlt.inc.php" server="www.dancewearrialto.com/dancewearrialto.com/html/" local="128426976480000000" remote="129165798220000000" />
<file name="adodb-netezza.inc.php" server="www.dancewearrialto.com/dancewearrialto.com/html/" local="128426976480000000" remote="129165798240000000" />
<file name="adodb-oci8.inc.php" server="www.dancewearrialto.com/dancewearrialto.com/html/" local="128426976480000000" remote="129165798260000000" />
<file name="adodb-oci805.inc.php" server="www.dancewearrialto.com/dancewearrialto.com/html/" local="128426976480000000" remote="129165798280000000" />
<file name="adodb-oci8po.inc.php" server="www.dancewearrialto.com/dancewearrialto.com/html/" local="128426976480000000" remote="129165798300000000" />
<file name="adodb-odbc.inc.php" server="www.dancewearrialto.com/dancewearrialto.com/html/" local="128426976480000000" remote="129165798320000000" />
<file name="adodb-odbc_db2.inc.php" server="www.dancewearrialto.com/dancewearrialto.com/html/" local="128426976480000000" remote="129165798340000000" />
<file name="adodb-odbc_mssql.inc.php" server="www.dancewearrialto.com/dancewearrialto.com/html/" local="128426976480000000" remote="129165798360000000" />
<file name="adodb-odbc_oracle.inc.php" server="www.dancewearrialto.com/dancewearrialto.com/html/" local="128426976480000000" remote="129165798380000000" />
<file name="adodb-odbtp.inc.php" server="www.dancewearrialto.com/dancewearrialto.com/html/" local="128426976480000000" remote="129165798400000000" />
<file name="adodb-odbtp_unicode.inc.php" server="www.dancewearrialto.com/dancewearrialto.com/html/" local="128426976480000000" remote="129165798410000000" />
<file name="adodb-oracle.inc.php" server="www.dancewearrialto.com/dancewearrialto.com/html/" local="128426976480000000" remote="129165798430000000" />
<file name="adodb-pdo.inc.php" server="www.dancewearrialto.com/dancewearrialto.com/html/" local="128426976480000000" remote="129165798450000000" />
<file name="adodb-pdo_mssql.inc.php" server="www.dancewearrialto.com/dancewearrialto.com/html/" local="128426976480000000" remote="129165798470000000" />
<file name="adodb-pdo_mysql.inc.php" server="www.dancewearrialto.com/dancewearrialto.com/html/" local="128426976480000000" remote="129165798490000000" />
<file name="adodb-pdo_oci.inc.php" server="www.dancewearrialto.com/dancewearrialto.com/html/" local="128426976480000000" remote="129165798540000000" />
<file name="adodb-pdo_pgsql.inc.php" server="www.dancewearrialto.com/dancewearrialto.com/html/" local="128426976480000000" remote="129165798560000000" />
<file name="adodb-postgres.inc.php" server="www.dancewearrialto.com/dancewearrialto.com/html/" local="128426976480000000" remote="129165798580000000" />
<file name="adodb-postgres64.inc.php" server="www.dancewearrialto.com/dancewearrialto.com/html/" local="128426976480000000" remote="129165798600000000" />
<file name="adodb-postgres7.inc.php" server="www.dancewearrialto.com/dancewearrialto.com/html/" local="128426976480000000" remote="129165798620000000" />
<file name="adodb-postgres8.inc.php" server="www.dancewearrialto.com/dancewearrialto.com/html/" local="128426976480000000" remote="129165798640000000" />
<file name="adodb-proxy.inc.php" server="www.dancewearrialto.com/dancewearrialto.com/html/" local="128426976480000000" remote="129165798660000000" />
<file name="adodb-sapdb.inc.php" server="www.dancewearrialto.com/dancewearrialto.com/html/" local="128426976480000000" remote="129165798680000000" />
<file name="adodb-sqlanywhere.inc.php" server="www.dancewearrialto.com/dancewearrialto.com/html/" local="128426976480000000" remote="129165798700000000" />
<file name="adodb-sqlite.inc.php" server="www.dancewearrialto.com/dancewearrialto.com/html/" local="128426976480000000" remote="129165798710000000" />
<file name="adodb-sqlitepo.inc.php" server="www.dancewearrialto.com/dancewearrialto.com/html/" local="128426976480000000" remote="129165798730000000" />
<file name="adodb-sybase.inc.php" server="www.dancewearrialto.com/dancewearrialto.com/html/" local="128426976480000000" remote="129165798750000000" />
<file name="adodb-sybase_ase.inc.php" server="www.dancewearrialto.com/dancewearrialto.com/html/" local="128426976480000000" remote="129165798770000000" />
<file name="adodb-vfp.inc.php" server="www.dancewearrialto.com/dancewearrialto.com/html/" local="128426976480000000" remote="129165798790000000" />
</dwsync>