<?xml version="1.0" encoding="utf-8" ?>
<dwsync>
<file name="adodb-active-record.inc.php" server="www.dancewearrialto.com/dancewearrialto.com/html/" local="128426976480000000" remote="129165795190000000" />
<file name="adodb-csvlib.inc.php" server="www.dancewearrialto.com/dancewearrialto.com/html/" local="128426976480000000" remote="129165795200000000" />
<file name="adodb-datadict.inc.php" server="www.dancewearrialto.com/dancewearrialto.com/html/" local="128426976480000000" remote="129165795220000000" />
<file name="adodb-error.inc.php" server="www.dancewearrialto.com/dancewearrialto.com/html/" local="128426976480000000" remote="129165795240000000" />
<file name="adodb-errorhandler.inc.php" server="www.dancewearrialto.com/dancewearrialto.com/html/" local="128426976480000000" remote="129165795260000000" />
<file name="adodb-errorpear.inc.php" server="www.dancewearrialto.com/dancewearrialto.com/html/" local="128426976480000000" remote="129165795270000000" />
<file name="adodb-exceptions.inc.php" server="www.dancewearrialto.com/dancewearrialto.com/html/" local="128426976480000000" remote="129165795290000000" />
<file name="adodb-iterator.inc.php" server="www.dancewearrialto.com/dancewearrialto.com/html/" local="128426976480000000" remote="129165795310000000" />
<file name="adodb-lib.inc.php" server="www.dancewearrialto.com/dancewearrialto.com/html/" local="128426976480000000" remote="129165795330000000" />
<file name="adodb-memcache.lib.inc.php" server="www.dancewearrialto.com/dancewearrialto.com/html/" local="128426976480000000" remote="129165795340000000" />
<file name="adodb-pager.inc.php" server="www.dancewearrialto.com/dancewearrialto.com/html/" local="128426976480000000" remote="129165795360000000" />
<file name="adodb-pear.inc.php" server="www.dancewearrialto.com/dancewearrialto.com/html/" local="128426976480000000" remote="129165795380000000" />
<file name="adodb-perf.inc.php" server="www.dancewearrialto.com/dancewearrialto.com/html/" local="128426976480000000" remote="129165795400000000" />
<file name="adodb-php4.inc.php" server="www.dancewearrialto.com/dancewearrialto.com/html/" local="128426976480000000" remote="129165795420000000" />
<file name="adodb-time.inc.php" server="www.dancewearrialto.com/dancewearrialto.com/html/" local="128426976480000000" remote="129165795440000000" />
<file name="adodb-xmlschema.inc.php" server="www.dancewearrialto.com/dancewearrialto.com/html/" local="128426976480000000" remote="129165795460000000" />
<file name="adodb-xmlschema03.inc.php" server="www.dancewearrialto.com/dancewearrialto.com/html/" local="128426976480000000" remote="129165795480000000" />
<file name="adodb.inc.php" server="www.dancewearrialto.com/dancewearrialto.com/html/" local="128426976480000000" remote="129165795550000000" />
<file name="license.txt" server="www.dancewearrialto.com/dancewearrialto.com/html/" local="128426976480000000" remote="129165795570000000" />
<file name="pivottable.inc.php" server="www.dancewearrialto.com/dancewearrialto.com/html/" local="128426976480000000" remote="129165795580000000" />
<file name="readme.txt" server="www.dancewearrialto.com/dancewearrialto.com/html/" local="128426976480000000" remote="129165795600000000" />
<file name="rsfilter.inc.php" server="www.dancewearrialto.com/dancewearrialto.com/html/" local="128426976480000000" remote="129165795620000000" />
<file name="server.php" server="www.dancewearrialto.com/dancewearrialto.com/html/" local="128426976480000000" remote="129165795630000000" />
<file name="toexport.inc.php" server="www.dancewearrialto.com/dancewearrialto.com/html/" local="128426976480000000" remote="129165795650000000" />
<file name="tohtml.inc.php" server="www.dancewearrialto.com/dancewearrialto.com/html/" local="128426976480000000" remote="129165795670000000" />
<file name="xmlschema.dtd" server="www.dancewearrialto.com/dancewearrialto.com/html/" local="128426976480000000" remote="129165795680000000" />
<file name="xmlschema03.dtd" server="www.dancewearrialto.com/dancewearrialto.com/html/" local="128426976480000000" remote="129165795700000000" />
</dwsync>