<?xml version="1.0" encoding="utf-8" ?>
<dwsync>
<file name="adodb-compress-bzip2.php" server="www.dancewearrialto.com/dancewearrialto.com/html/" local="128426976480000000" remote="129165796520000000" />
<file name="adodb-compress-gzip.php" server="www.dancewearrialto.com/dancewearrialto.com/html/" local="128426976480000000" remote="129165796540000000" />
<file name="adodb-cryptsession.php" server="www.dancewearrialto.com/dancewearrialto.com/html/" local="128426976480000000" remote="129165796560000000" />
<file name="adodb-cryptsession2.php" server="www.dancewearrialto.com/dancewearrialto.com/html/" local="128426976480000000" remote="129165796580000000" />
<file name="adodb-encrypt-mcrypt.php" server="www.dancewearrialto.com/dancewearrialto.com/html/" local="128426976480000000" remote="129165796600000000" />
<file name="adodb-encrypt-md5.php" server="www.dancewearrialto.com/dancewearrialto.com/html/" local="128426976480000000" remote="129165796610000000" />
<file name="adodb-encrypt-secret.php" server="www.dancewearrialto.com/dancewearrialto.com/html/" local="128426976480000000" remote="129165796630000000" />
<file name="adodb-encrypt-sha1.php" server="www.dancewearrialto.com/dancewearrialto.com/html/" local="128426976480000000" remote="129165796650000000" />
<file name="adodb-sess.txt" server="www.dancewearrialto.com/dancewearrialto.com/html/" local="128426976480000000" remote="129165796670000000" />
<file name="adodb-session-clob.php" server="www.dancewearrialto.com/dancewearrialto.com/html/" local="128426976480000000" remote="129165796690000000" />
<file name="adodb-session-clob2.php" server="www.dancewearrialto.com/dancewearrialto.com/html/" local="128426976480000000" remote="129165796740000000" />
<file name="adodb-session.php" server="www.dancewearrialto.com/dancewearrialto.com/html/" local="128426976480000000" remote="129165796760000000" />
<file name="adodb-session2.php" server="www.dancewearrialto.com/dancewearrialto.com/html/" local="128426976480000000" remote="129165796780000000" />
<file name="adodb-sessions.mysql.sql" server="www.dancewearrialto.com/dancewearrialto.com/html/" local="128426976480000000" remote="129165796800000000" />
<file name="adodb-sessions.oracle.clob.sql" server="www.dancewearrialto.com/dancewearrialto.com/html/" local="128426976480000000" remote="129165796820000000" />
<file name="adodb-sessions.oracle.sql" server="www.dancewearrialto.com/dancewearrialto.com/html/" local="128426976480000000" remote="129165796840000000" />
<file name="crypt.inc.php" server="www.dancewearrialto.com/dancewearrialto.com/html/" local="128426976480000000" remote="129165796860000000" />
<file name="session_schema.xml" server="www.dancewearrialto.com/dancewearrialto.com/html/" local="128426976480000000" remote="129165796870000000" />
<file name="session_schema2.xml" server="www.dancewearrialto.com/dancewearrialto.com/html/" local="128426976480000000" remote="129165796890000000" />
</dwsync>