<?xml version="1.0" encoding="utf-8" ?>
<dwsync>
<file name="datadict-access.inc.php" server="www.dancewearrialto.com/dancewearrialto.com/html/" local="128426976480000000" remote="129165799140000000" />
<file name="datadict-db2.inc.php" server="www.dancewearrialto.com/dancewearrialto.com/html/" local="128426976480000000" remote="129165799160000000" />
<file name="datadict-firebird.inc.php" server="www.dancewearrialto.com/dancewearrialto.com/html/" local="128426976480000000" remote="129165799180000000" />
<file name="datadict-generic.inc.php" server="www.dancewearrialto.com/dancewearrialto.com/html/" local="128426976480000000" remote="129165799200000000" />
<file name="datadict-ibase.inc.php" server="www.dancewearrialto.com/dancewearrialto.com/html/" local="128426976480000000" remote="129165799220000000" />
<file name="datadict-informix.inc.php" server="www.dancewearrialto.com/dancewearrialto.com/html/" local="128426976480000000" remote="129165799240000000" />
<file name="datadict-mssql.inc.php" server="www.dancewearrialto.com/dancewearrialto.com/html/" local="128426976480000000" remote="129165799260000000" />
<file name="datadict-mysql.inc.php" server="www.dancewearrialto.com/dancewearrialto.com/html/" local="128426976480000000" remote="129165799280000000" />
<file name="datadict-oci8.inc.php" server="www.dancewearrialto.com/dancewearrialto.com/html/" local="128426976480000000" remote="129165799300000000" />
<file name="datadict-postgres.inc.php" server="www.dancewearrialto.com/dancewearrialto.com/html/" local="128426976480000000" remote="129165799310000000" />
<file name="datadict-sapdb.inc.php" server="www.dancewearrialto.com/dancewearrialto.com/html/" local="128426976480000000" remote="129165799330000000" />
<file name="datadict-sybase.inc.php" server="www.dancewearrialto.com/dancewearrialto.com/html/" local="128426976480000000" remote="129165799350000000" />
</dwsync>