<?xml version="1.0" encoding="utf-8" ?>
<dwsync>
<file name="BlogPost.php" server="visachidesign.com//home/ve/visachidesign.com/html/" local="128961578320000000" remote="128961578310000000" />
<file name="Event.php" server="visachidesign.com//home/ve/visachidesign.com/html/" local="128928459360000000" remote="128928459360000000" />
<file name="Image.php" server="visachidesign.com//home/ve/visachidesign.com/html/" local="129069089280000000" remote="129069089470000000" />
<file name="IndividualDue.php" server="visachidesign.com//home/ve/visachidesign.com/html/" local="128864524700000000" remote="128864524700000000" />
<file name="Message.php" server="visachidesign.com//home/ve/visachidesign.com/html/" local="128864524700000000" remote="128864524700000000" />
<file name="Product.php" server="visachidesign.com//home/ve/visachidesign.com/html/" local="128928468960000000" remote="128928468950000000" />
<file name="UniversalDue.php" server="visachidesign.com//home/ve/visachidesign.com/html/" local="128864524720000000" remote="128864524710000000" />
<file name="BlogPost.php" server="www.dancewearrialto.com/dancewearrialto.com/html/" local="128961578320000000" remote="129165799680000000" />
<file name="Event.php" server="www.dancewearrialto.com/dancewearrialto.com/html/" local="128928459360000000" remote="129165799690000000" />
<file name="IndividualDue.php" server="www.dancewearrialto.com/dancewearrialto.com/html/" local="128864524700000000" remote="129165799740000000" />
<file name="UniversalDue.php" server="www.dancewearrialto.com/dancewearrialto.com/html/" local="128864524720000000" remote="129165799750000000" />
<file name="Image.php" server="www.dancewearrialto.com/dancewearrialto.com/html/" local="129136167980000000" remote="129165799770000000" />
<file name="ShoutOut.php" server="www.dancewearrialto.com/dancewearrialto.com/html/" local="129164445420000000" remote="129165799780000000" />
<file name="Message.php" server="www.dancewearrialto.com/dancewearrialto.com/html/" local="129164468220000000" remote="129165799800000000" />
<file name="Product.php" server="www.dancewearrialto.com/dancewearrialto.com/html/" local="129165485360000000" remote="129165799810000000" />
<file name="UserProduct.php" server="www.dancewearrialto.com/dancewearrialto.com/html/" local="129165659060000000" remote="129165799830000000" />
<file name="Product.php" server="www.dancewearRialto.com//home/dancewearrialto/dancewearrialto.com/html/" local="129169581140000000" remote="129169581140000000" />
<file name="Image.php" server="www.dancewearRialto.com//home/dancewearrialto/dancewearrialto.com/html/" local="129190450180000000" remote="129190450180000000" />
</dwsync>