<?xml version="1.0" encoding="utf-8" ?>
<dwsync>
<file name="Code.php" server="www.dancewearrialto.com/dancewearrialto.com/html/" local="128426976480000000" remote="129165792760000000" />
<file name="FileReplacer.php" server="www.dancewearrialto.com/dancewearrialto.com/html/" local="128426976480000000" remote="129165792780000000" />
<file name="Getopt.php" server="www.dancewearrialto.com/dancewearrialto.com/html/" local="128426976480000000" remote="129165792800000000" />
<file name="Indent.php" server="www.dancewearrialto.com/dancewearrialto.com/html/" local="128426976480000000" remote="129165792820000000" />
<file name="IndentC.php" server="www.dancewearrialto.com/dancewearrialto.com/html/" local="128426976480000000" remote="129165792830000000" />
<file name="Outbuf.php" server="www.dancewearrialto.com/dancewearrialto.com/html/" local="128426976480000000" remote="129165792850000000" />
<file name="Platform.php" server="www.dancewearrialto.com/dancewearrialto.com/html/" local="128426976480000000" remote="129165792870000000" />
<file name="Tokenizer.php" server="www.dancewearrialto.com/dancewearrialto.com/html/" local="128426976480000000" remote="129165792890000000" />
</dwsync>