<?xml version="1.0" encoding="utf-8" ?>
<dwsync>
<file name="Blowfish.php" server="www.dancewearrialto.com/dancewearrialto.com/html/" local="128426976480000000" remote="129165791840000000" />
<file name="CBC.php" server="www.dancewearrialto.com/dancewearrialto.com/html/" local="128426976480000000" remote="129165791860000000" />
<file name="CHAP.php" server="www.dancewearrialto.com/dancewearrialto.com/html/" local="128426976480000000" remote="129165791880000000" />
<file name="HMAC.php" server="www.dancewearrialto.com/dancewearrialto.com/html/" local="128426976480000000" remote="129165791900000000" />
<file name="Rc4.php" server="www.dancewearrialto.com/dancewearrialto.com/html/" local="128426976480000000" remote="129165791940000000" />
<file name="RSA.php" server="www.dancewearrialto.com/dancewearrialto.com/html/" local="128426976500000000" remote="129165791970000000" />
<file name="Xtea.php" server="www.dancewearrialto.com/dancewearrialto.com/html/" local="128426976500000000" remote="129165791980000000" />
<file name="XteaTest.php" server="www.dancewearrialto.com/dancewearrialto.com/html/" local="128426976500000000" remote="129165792000000000" />
</dwsync>