<?xml version="1.0" encoding="utf-8" ?>
<dwsync>
<file name="Anonymous.php" server="www.dancewearrialto.com/dancewearrialto.com/html/" local="128426976480000000" remote="129165794360000000" />
<file name="Auth.php" server="www.dancewearrialto.com/dancewearrialto.com/html/" local="128426976480000000" remote="129165794380000000" />
<file name="Container.php" server="www.dancewearrialto.com/dancewearrialto.com/html/" local="128426976480000000" remote="129165794390000000" />
<file name="Controller.php" server="www.dancewearrialto.com/dancewearrialto.com/html/" local="128426976480000000" remote="129165794410000000" />
<file name="HTTP.php" server="www.dancewearrialto.com/dancewearrialto.com/html/" local="128426976480000000" remote="129165794430000000" />
<file name="PrefManager.php" server="www.dancewearrialto.com/dancewearrialto.com/html/" local="128426976480000000" remote="129165794450000000" />
<file name="RADIUS.php" server="www.dancewearrialto.com/dancewearrialto.com/html/" local="128426976480000000" remote="129165794470000000" />
<file name="SASL.php" server="www.dancewearrialto.com/dancewearrialto.com/html/" local="128426976480000000" remote="129165794480000000" />
</dwsync>