<?xml version="1.0" encoding="utf-8" ?>
<dwsync>
<file name="Application.php" server="www.dancewearrialto.com/dancewearrialto.com/html/" local="128426976480000000" remote="129165793810000000" />
<file name="Container.php" server="www.dancewearrialto.com/dancewearrialto.com/html/" local="128426976480000000" remote="129165793820000000" />
<file name="Error.php" server="www.dancewearrialto.com/dancewearrialto.com/html/" local="128426976480000000" remote="129165793840000000" />
<file name="Function.php" server="www.dancewearrialto.com/dancewearrialto.com/html/" local="128426976480000000" remote="129165793860000000" />
<file name="Graphics.php" server="www.dancewearrialto.com/dancewearrialto.com/html/" local="128426976480000000" remote="129165793870000000" />
<file name="HTTP_Request.php" server="www.dancewearrialto.com/dancewearrialto.com/html/" local="128426976480000000" remote="129165793890000000" />
<file name="Lite.php" server="www.dancewearrialto.com/dancewearrialto.com/html/" local="128426976480000000" remote="129165793910000000" />
<file name="Output.php" server="www.dancewearrialto.com/dancewearrialto.com/html/" local="128426976480000000" remote="129165793930000000" />
<file name="OutputCompression.php" server="www.dancewearrialto.com/dancewearrialto.com/html/" local="128426976480000000" remote="129165793940000000" />
</dwsync>