<?xml version="1.0" encoding="utf-8" ?>
<dwsync>
<file name="Class.php" server="www.dancewearrialto.com/dancewearrialto.com/html/" local="128426976480000000" remote="129165793090000000" />
<file name="ClassConstant.php" server="www.dancewearrialto.com/dancewearrialto.com/html/" local="128426976480000000" remote="129165793160000000" />
<file name="Constant.php" server="www.dancewearrialto.com/dancewearrialto.com/html/" local="128426976480000000" remote="129165793180000000" />
<file name="Function.php" server="www.dancewearrialto.com/dancewearrialto.com/html/" local="128426976480000000" remote="129165793200000000" />
<file name="Global.php" server="www.dancewearrialto.com/dancewearrialto.com/html/" local="128426976480000000" remote="129165793220000000" />
<file name="Ini.php" server="www.dancewearrialto.com/dancewearrialto.com/html/" local="128426976480000000" remote="129165793240000000" />
<file name="Interface.php" server="www.dancewearrialto.com/dancewearrialto.com/html/" local="128426976480000000" remote="129165793270000000" />
<file name="Logo.php" server="www.dancewearrialto.com/dancewearrialto.com/html/" local="128426976480000000" remote="129165793290000000" />
<file name="Method.php" server="www.dancewearrialto.com/dancewearrialto.com/html/" local="128426976480000000" remote="129165793310000000" />
<file name="ObjectInterface.php" server="www.dancewearrialto.com/dancewearrialto.com/html/" local="128426976480000000" remote="129165793330000000" />
<file name="Property.php" server="www.dancewearrialto.com/dancewearrialto.com/html/" local="128426976480000000" remote="129165793350000000" />
<file name="Resource.php" server="www.dancewearrialto.com/dancewearrialto.com/html/" local="128426976480000000" remote="129165793370000000" />
<file name="Stream.php" server="www.dancewearrialto.com/dancewearrialto.com/html/" local="128426976480000000" remote="129165793390000000" />
<file name="Test.php" server="www.dancewearrialto.com/dancewearrialto.com/html/" local="128426976480000000" remote="129165793420000000" />
</dwsync>